{"train_loss": 2.4597090431984436, "train_accuracy": 0.48877721943048574, "_timestamp": 1711390542.2400239, "_runtime": 415.3879199028015, "_step": 2, "_wandb": {"runtime": 341}}