{"train_loss": 2.1024687389532724, "train_accuracy": 0.7135678391959799, "_timestamp": 1712554787.655938, "_runtime": 49937.263672828674, "_step": 25, "valid_loss": 2.130403757095337, "valid_accuracy": 0.678}