{"train_loss": 1.8919405390818913, "train_accuracy": 0.9246231155778895, "_timestamp": 1712363294.3930414, "_runtime": 9653.209943294525, "_step": 49, "_wandb": {"runtime": 9652}}