{"train_loss": 2.502199502701455, "train_accuracy": 0.4569514237855946, "_timestamp": 1711390055.5842788, "_runtime": 803.7152087688446, "_step": 0, "_wandb": {"runtime": 477}}