{"train_loss": 1.9157289614280064, "train_accuracy": 0.9045226130653267, "_timestamp": 1712693472.6888509, "_runtime": 83100.26321983337, "_step": 25, "valid_loss": 1.9058027466138203, "valid_accuracy": 0.9126666666666666, "_wandb": {"runtime": 87636}}