{"train_loss": 2.686371572474216, "train_accuracy": 0.3078726968174204, "_timestamp": 1712175541.6209774, "_runtime": 537.0145764350891, "_step": 2, "_wandb": {"runtime": 535}}