{"train_loss": 2.06368288397789, "train_accuracy": 0.7520938023450586, "_timestamp": 1712553525.7847753, "_runtime": 49128.922488212585, "_step": 25, "valid_loss": 2.090878278017044, "valid_accuracy": 0.7253333333333334, "_wandb": {"runtime": 70398}}